{
    "report": {
        "name": "reportRoot",
        "paperSize": "A4",
        "paperWidth": "210mm",
        "paperHeight": "297mm",
        "marginLeft": "12mm",
        "marginRight": "12mm",
        "marginTop": "15mm",
        "marginBottom": "15mm"
    },
    "page": {
        "name": "reportPage",
        "pageHeader": {
            "name": "pageHeader",
            "height": 93,
            "items": [
                {
                    "type": "rbox",
                    "name": "",
                    "right": 0,
                    "itemGap": 4,
                    "items": [
                        {
                            "type": "table",
                            "data": "ds_stock",
                            "width": "40%",
                            "name": "",
                            "rowCount": 2,
                            "minRowHeight": "24px",
                            "cellStyles": {},
                            "rows": [{}, {}],
                            "cells": [],
                            "colCount": 2,
                            "columns": [
                                {
                                    "width": "25%"
                                },
                                {
                                    "width": "25%"
                                }
                            ],
                            "items": [
                                {
                                    "type": "text",
                                    "name": "",
                                    "col": 0,
                                    "row": 0,
                                    "text": "재고수량"
                                },
                                {
                                    "type": "text",
                                    "name": "",
                                    "col": 1,
                                    "row": 0,
                                    "text": "재고금액"
                                },
                                {
                                    "type": "text",
                                    "value": "stockCnt",
                                    "name": "",
                                    "col": 0,
                                    "row": 1,
                                    "text": "Text"
                                },
                                {
                                    "type": "text",
                                    "value": "stockAmount",
                                    "name": "",
                                    "col": 1,
                                    "row": 1,
                                    "text": "Text"
                                }
                            ]
                        }
                    ]
                },
                {
                    "type": "text",
                    "left": 19,
                    "top": 33,
                    "text": "재고 세부 LIST",
                    "styles": {
                        "fontSize": "15px",
                        "fontWeight": "bold"
                    }
                },
                {
                    "type": "text",
                    "width": 271,
                    "left": 423,
                    "top": 3,
                    "text": "분실/도난/훼손 등 재고 정보 (선택사항)",
                    "styles": {
                        "fontSize": "15px",
                        "fontWeight": "bold"
                    }
                },
                {
                    "type": "shape",
                    "width": "15px",
                    "height": "15px",
                    "name": "",
                    "left": 404,
                    "top": 3,
                    "shape": "rectangle",
                    "styles": {
                        "backgroundColor": "#fdfdfd",
                        "fill": "#000000"
                    }
                },
                {
                    "type": "shape",
                    "width": "15px",
                    "height": "15px",
                    "name": "",
                    "left": 1,
                    "top": 33,
                    "shape": "rectangle",
                    "styles": {
                        "backgroundColor": "#fdfdfd",
                        "fill": "#000000"
                    }
                }
            ]
        },
        "reportHeader": {
            "name": "reportHeader",
            "height": 11
        },
        "reportFooter": {
            "name": "reportFooter"
        },
        "pageFooter": {
            "name": "pageFooter",
            "items": [
                {
                    "type": "rbox",
                    "name": "",
                    "right": 0,
                    "itemGap": 4,
                    "items": [
                        {
                            "type": "text",
                            "value": "${page}",
                            "name": "",
                            "text": "Text"
                        },
                        {
                            "type": "text",
                            "name": "",
                            "text": "/",
                            "styles": {
                                "paddingLeft": "3px",
                                "paddingRight": "3px",
                                "__tag_": {}
                            }
                        },
                        {
                            "type": "text",
                            "value": "${pages}",
                            "name": "",
                            "text": "Text"
                        }
                    ]
                }
            ]
        },
        "body": {
            "itemGap": 4,
            "items": [
                {
                    "type": "tableband",
                    "data": "ds_detailList",
                    "width": "100%",
                    "name": "",
                    "detail": {
                        "type": "detail",
                        "width": "100%",
                        "name": ""
                    },
                    "colCount": 17,
                    "columns": [
                        {
                            "width": "20%"
                        },
                        {
                            "width": "20%"
                        },
                        {
                            "width": "20%"
                        },
                        {
                            "width": "20%"
                        },
                        {
                            "width": "20%"
                        },
                        {
                            "width": "20%"
                        },
                        {
                            "width": "20%"
                        },
                        {
                            "width": "20%"
                        },
                        {
                            "width": "20%"
                        },
                        {
                            "width": "20%"
                        },
                        {
                            "width": "20%"
                        },
                        {
                            "width": "20%"
                        },
                        {
                            "width": "20%"
                        },
                        {
                            "width": "20%"
                        },
                        {
                            "width": "20%"
                        },
                        {
                            "width": "20%"
                        },
                        {
                            "width": "20%"
                        }
                    ],
                    "header": {
                        "width": "100%",
                        "name": null,
                        "rowCount": 1,
                        "cellStyles": {},
                        "rows": [{}],
                        "cells": [],
                        "styles": {
                            "fontSize": "10px",
                            "__tag_": {}
                        },
                        "items": [
                            {
                                "type": "text",
                                "name": "",
                                "col": 1,
                                "row": 0,
                                "text": "사업담당"
                            },
                            {
                                "type": "text",
                                "name": "",
                                "col": 2,
                                "row": 0,
                                "text": "사업팀"
                            },
                            {
                                "type": "text",
                                "name": "",
                                "col": 3,
                                "row": 0,
                                "text": "PT"
                            },
                            {
                                "type": "text",
                                "name": "",
                                "col": 4,
                                "row": 0,
                                "text": "영업담당"
                            },
                            {
                                "type": "text",
                                "name": "",
                                "col": 5,
                                "row": 0,
                                "text": "보유처코드"
                            },
                            {
                                "type": "text",
                                "name": "",
                                "col": 6,
                                "row": 0,
                                "text": "보유처"
                            },
                            {
                                "type": "text",
                                "name": "",
                                "col": 7,
                                "row": 0,
                                "text": "채널코드"
                            },
                            {
                                "type": "text",
                                "name": "",
                                "col": 8,
                                "row": 0,
                                "text": "상품구분"
                            },
                            {
                                "type": "text",
                                "name": "",
                                "col": 9,
                                "row": 0,
                                "text": "모델"
                            },
                            {
                                "type": "text",
                                "name": "",
                                "col": 10,
                                "row": 0,
                                "text": "일련번호"
                            },
                            {
                                "type": "text",
                                "name": "",
                                "col": 11,
                                "row": 0,
                                "text": "단가"
                            },
                            {
                                "type": "text",
                                "name": "",
                                "col": 12,
                                "row": 0,
                                "text": "입고일자"
                            },
                            {
                                "type": "text",
                                "name": "",
                                "col": 13,
                                "row": 0,
                                "text": "불량여부"
                            },
                            {
                                "type": "text",
                                "name": "",
                                "col": 14,
                                "row": 0,
                                "text": "재고상태"
                            },
                            {
                                "type": "text",
                                "name": "",
                                "col": 15,
                                "row": 0,
                                "text": "분실/파손등(청구여부)",
                                "styles": {
                                    "fontSize": "7px",
                                    "__tag_": {}
                                }
                            },
                            {
                                "type": "text",
                                "name": "",
                                "col": 16,
                                "row": 0,
                                "text": "비고"
                            },
                            {
                                "type": "text",
                                "name": "",
                                "col": 0,
                                "row": 0,
                                "text": "번호"
                            }
                        ]
                    },
                    "footer": {
                        "width": "100%",
                        "name": null,
                        "rowCount": 1,
                        "cellStyles": {},
                        "rows": [{}],
                        "cells": []
                    },
                    "dataRow": {
                        "width": "100%",
                        "name": null,
                        "rowCount": 1,
                        "cellStyles": {},
                        "rows": [{}],
                        "cells": [],
                        "items": [
                            {
                                "type": "text",
                                "value": "orgNm2",
                                "name": "",
                                "col": 1,
                                "row": 0,
                                "text": "Text"
                            },
                            {
                                "type": "text",
                                "value": "orgNm3",
                                "name": "",
                                "col": 2,
                                "row": 0,
                                "text": "Text"
                            },
                            {
                                "type": "text",
                                "value": "orgNm4",
                                "name": "",
                                "col": 3,
                                "row": 0,
                                "text": "Text"
                            },
                            {
                                "type": "text",
                                "value": "chrgrUserNm",
                                "name": "",
                                "col": 4,
                                "row": 0,
                                "text": "Text"
                            },
                            {
                                "type": "text",
                                "value": "hldPlcId",
                                "name": "",
                                "col": 5,
                                "row": 0,
                                "text": "Text"
                            },
                            {
                                "type": "text",
                                "value": "hldPlcNm",
                                "name": "",
                                "col": 6,
                                "row": 0,
                                "text": "Text"
                            },
                            {
                                "type": "text",
                                "value": "sktChnlCd",
                                "name": "",
                                "col": 7,
                                "row": 0,
                                "text": "Text"
                            },
                            {
                                "type": "text",
                                "value": "prodClNm",
                                "name": "",
                                "col": 8,
                                "row": 0,
                                "text": "Text"
                            },
                            {
                                "type": "text",
                                "value": "prodNm",
                                "name": "",
                                "col": 9,
                                "row": 0,
                                "text": "Text"
                            },
                            {
                                "type": "text",
                                "value": "serNum",
                                "name": "",
                                "col": 10,
                                "row": 0,
                                "text": "Text"
                            },
                            {
                                "type": "text",
                                "value": "realPrchsPrc",
                                "name": "",
                                "col": 11,
                                "row": 0,
                                "text": "Text"
                            },
                            {
                                "type": "text",
                                "value": "inFixDt",
                                "name": "",
                                "col": 12,
                                "row": 0,
                                "text": "Text"
                            },
                            {
                                "type": "text",
                                "value": "badYnNm",
                                "name": "",
                                "col": 13,
                                "row": 0,
                                "text": "Text"
                            },
                            {
                                "type": "text",
                                "value": "disStNm",
                                "name": "",
                                "col": 14,
                                "row": 0,
                                "text": "Text"
                            },
                            {
                                "type": "text",
                                "name": "",
                                "col": 15,
                                "row": 0,
                                "text": "Text"
                            },
                            {
                                "type": "text",
                                "value": "rmks",
                                "name": "",
                                "col": 16,
                                "row": 0,
                                "text": "Text"
                            },
                            {
                                "type": "text",
                                "value": "${no}",
                                "name": "",
                                "col": 0,
                                "row": 0,
                                "text": ""
                            }
                        ]
                    }
                }
            ]
        }
    },
    "assets": {
        "/": []
    },
    "data": {
        "ds_detailList": {
            "type": "band",
            "fields": [
                {
                    "fieldName": "orgNm2",
                    "dataType": "text",
                    "description": "",
                    "sample": "",
                    "format": "",
                    "dateReader": null
                },
                {
                    "fieldName": "orgNm3",
                    "dataType": "text",
                    "description": "",
                    "sample": "",
                    "format": "",
                    "dateReader": null
                },
                {
                    "fieldName": "orgNm4",
                    "dataType": "text",
                    "description": "",
                    "sample": "",
                    "format": "",
                    "dateReader": null
                },
                {
                    "fieldName": "chrgrUserNm",
                    "dataType": "text",
                    "description": "",
                    "sample": "",
                    "format": "",
                    "dateReader": null
                },
                {
                    "fieldName": "hldPlcId",
                    "dataType": "text",
                    "description": "",
                    "sample": "",
                    "format": "",
                    "dateReader": null
                },
                {
                    "fieldName": "hldPlcNm",
                    "dataType": "text",
                    "description": "",
                    "sample": "",
                    "format": "",
                    "dateReader": null
                },
                {
                    "fieldName": "sktChnlCd",
                    "dataType": "text",
                    "description": "",
                    "sample": "",
                    "format": "",
                    "dateReader": null
                },
                {
                    "fieldName": "prodClNm",
                    "dataType": "text",
                    "description": "",
                    "sample": "",
                    "format": "",
                    "dateReader": null
                },
                {
                    "fieldName": "prodNm",
                    "dataType": "text",
                    "description": "",
                    "sample": "",
                    "format": "",
                    "dateReader": null
                },
                {
                    "fieldName": "serNum",
                    "dataType": "text",
                    "description": "",
                    "sample": "",
                    "format": "",
                    "dateReader": null
                },
                {
                    "fieldName": "realPrchsPrc",
                    "dataType": "text",
                    "description": "",
                    "sample": "",
                    "format": "",
                    "dateReader": null
                },
                {
                    "fieldName": "inFixDt",
                    "dataType": "text",
                    "description": "",
                    "sample": "",
                    "format": "",
                    "dateReader": null
                },
                {
                    "fieldName": "badYnNm",
                    "dataType": "text",
                    "description": "",
                    "sample": "",
                    "format": "",
                    "dateReader": null
                },
                {
                    "fieldName": "disStNm",
                    "dataType": "text",
                    "description": "",
                    "sample": "",
                    "format": "",
                    "dateReader": null
                },
                {
                    "fieldName": "rmks",
                    "dataType": "text",
                    "format": "",
                    "sample": "",
                    "expression": "",
                    "description": ""
                }
            ]
        },
        "ds_stock": {
            "type": "simple",
            "sample": {
                "stockCnt": 0,
                "stockAmount": 0
            }
        }
    },
    "guid": "08a01b8d-6661-4634-a030-33936b6dedda"
}
