{
  "report": {
    "name": "reportRoot",
    "paperSize": "A4",
    "paperWidth": "210mm",
    "paperHeight": "297mm",
    "marginLeft": "10mm",
    "marginRight": "10mm",
    "marginTop": "10mm",
    "marginBottom": "10mm"
  },
  "page": {
    "name": "reportPage",
    "pageHeader": {
      "name": "pageHeader",
      "visible": false
    },
    "reportHeader": {
      "name": "reportHeader",
      "height": 0,
      "visible": false
    },
    "reportFooter": {
      "name": "reportFooter",
      "visible": false
    },
    "pageFooter": {
      "name": "pageFooter",
      "items": [
        {
          "type": "rbox",
          "name": "",
          "right": 0,
          "itemGap": 4,
          "items": [
            {
              "type": "text",
              "value": "${page}",
              "name": "",
              "text": "Text"
            },
            {
              "type": "text",
              "name": "",
              "text": "/",
              "styles": {
                "paddingLeft": "3px",
                "paddingRight": "3px",
                "__tag_": {}
              }
            },
            {
              "type": "text",
              "value": "${pages}",
              "name": "",
              "text": "Text",
              "styles": {
                "paddingRight": "5px",
                "__tag_": {}
              }
            }
          ]
        }
      ]
    },
    "body": {
      "itemGap": 4,
      "items": [
        {
          "type": "simpleband",
          "data": "master",
          "width": "100%",
          "name": "",
          "rowsPerPage": 1,
          "detail": {
            "type": "detail",
            "width": "100%",
            "name": "",
            "items": [
              {
                "type": "tableband",
                "data": "detail",
                "width": "100%",
                "name": "",
                "masterFields": "mgmtNo",
                "keyFields": "mgmtNo",
                "repeatDetailFooter": true,
                "endRowCount": 0,
                "detail": {
                  "type": "detail",
                  "width": "100%",
                  "name": "",
                  "visible": false
                },
                "colCount": 24,
                "columns": [
                  {
                    "width": "3%"
                  },
                  {
                    "width": "3%"
                  },
                  {
                    "width": "3%"
                  },
                  {
                    "width": "3%"
                  },
                  {
                    "width": "3%"
                  },
                  {
                    "width": "3%"
                  },
                  {
                    "width": "3%"
                  },
                  {
                    "width": "3%"
                  },
                  {
                    "width": "3%"
                  },
                  {
                    "width": "3%"
                  },
                  {
                    "width": "3%"
                  },
                  {
                    "width": "3%"
                  },
                  {
                    "width": "3%"
                  },
                  {
                    "width": "3%"
                  },
                  {
                    "width": "3%"
                  },
                  {
                    "width": "3%"
                  },
                  {
                    "width": "3%"
                  },
                  {
                    "width": "3%"
                  },
                  {
                    "width": "3%"
                  },
                  {
                    "width": "3%"
                  },
                  {
                    "width": "3%"
                  },
                  {
                    "width": "3%"
                  },
                  {
                    "width": "3%"
                  },
                  {
                    "width": "3%"
                  }
                ],
                "header": {
                  "width": "100%",
                  "name": null,
                  "rowCount": 1,
                  "cellStyles": {},
                  "rows": [
                    {
                      "height": "25px"
                    }
                  ],
                  "cells": [
                    {
                      "r": 0,
                      "c": 0,
                      "colspan": 4,
                      "styles": {
                        "borderLeft": "1px solid black",
                        "borderRight": "1px solid black",
                        "borderTop": "1px solid black",
                        "borderBottom": "1px solid black"
                      }
                    },
                    {
                      "r": 0,
                      "c": 4,
                      "colspan": 3,
                      "styles": {
                        "borderLeft": "1px solid black",
                        "borderRight": "1px solid black",
                        "borderTop": "1px solid black",
                        "borderBottom": "1px solid black"
                      }
                    },
                    {
                      "r": 0,
                      "c": 5,
                      "styles": {
                        "borderLeft": "1px solid black",
                        "borderRight": "1px solid black",
                        "borderTop": "1px solid black",
                        "borderBottom": "1px solid black"
                      }
                    },
                    {
                      "r": 0,
                      "c": 7,
                      "colspan": 3,
                      "styles": {
                        "borderLeft": "1px solid black",
                        "borderRight": "1px solid black",
                        "borderTop": "1px solid black",
                        "borderBottom": "1px solid black"
                      }
                    },
                    {
                      "r": 0,
                      "c": 8,
                      "styles": {
                        "borderLeft": "1px solid black",
                        "borderRight": "1px solid black",
                        "borderTop": "1px solid black",
                        "borderBottom": "1px solid black"
                      }
                    },
                    {
                      "r": 0,
                      "c": 10,
                      "colspan": 3,
                      "styles": {
                        "borderLeft": "1px solid black",
                        "borderRight": "1px solid black",
                        "borderTop": "1px solid black",
                        "borderBottom": "1px solid black"
                      }
                    },
                    {
                      "r": 0,
                      "c": 11,
                      "styles": {
                        "borderLeft": "1px solid black",
                        "borderRight": "1px solid black",
                        "borderTop": "1px solid black",
                        "borderBottom": "1px solid black"
                      }
                    },
                    {
                      "r": 0,
                      "c": 13,
                      "colspan": 3,
                      "styles": {
                        "borderLeft": "1px solid black",
                        "borderRight": "1px solid black",
                        "borderTop": "1px solid black",
                        "borderBottom": "1px solid black"
                      }
                    },
                    {
                      "r": 0,
                      "c": 14,
                      "styles": {
                        "borderLeft": "1px solid black",
                        "borderRight": "1px solid black",
                        "borderTop": "1px solid black",
                        "borderBottom": "1px solid black"
                      }
                    },
                    {
                      "r": 0,
                      "c": 15,
                      "styles": {
                        "borderLeft": "1px solid black",
                        "borderRight": "1px solid black",
                        "borderTop": "1px solid black",
                        "borderBottom": "1px solid black"
                      }
                    },
                    {
                      "r": 0,
                      "c": 16,
                      "colspan": 8,
                      "styles": {
                        "borderLeft": "1px solid black",
                        "borderRight": "1px solid black",
                        "borderTop": "1px solid black",
                        "borderBottom": "1px solid black"
                      }
                    },
                    {
                      "r": 0,
                      "c": 17,
                      "styles": {
                        "borderLeft": "1px solid black",
                        "borderRight": "1px solid black",
                        "borderTop": "1px solid black",
                        "borderBottom": "1px solid black"
                      }
                    },
                    {
                      "r": 0,
                      "c": 19,
                      "styles": {
                        "borderLeft": "1px solid black",
                        "borderRight": "1px solid black",
                        "borderTop": "1px solid black",
                        "borderBottom": "1px solid black"
                      }
                    }
                  ],
                  "items": [
                    {
                      "type": "text",
                      "name": "",
                      "col": 0,
                      "row": 0,
                      "text": "품명",
                      "styles": {
                        "fontWeight": "bold",
                        "__tag_": {}
                      }
                    },
                    {
                      "type": "text",
                      "name": "",
                      "col": 7,
                      "row": 0,
                      "text": "수량",
                      "styles": {
                        "fontWeight": "bold",
                        "__tag_": {}
                      }
                    },
                    {
                      "type": "text",
                      "name": "",
                      "col": 4,
                      "row": 0,
                      "text": "색상",
                      "styles": {
                        "fontWeight": "bold",
                        "__tag_": {}
                      }
                    },
                    {
                      "type": "text",
                      "name": "",
                      "col": 10,
                      "row": 0,
                      "text": "단가",
                      "styles": {
                        "fontWeight": "bold",
                        "__tag_": {}
                      }
                    },
                    {
                      "type": "text",
                      "name": "",
                      "col": 13,
                      "row": 0,
                      "text": "금액",
                      "styles": {
                        "fontWeight": "bold",
                        "__tag_": {}
                      }
                    },
                    {
                      "type": "text",
                      "name": "",
                      "col": 16,
                      "row": 0,
                      "text": "일련번호",
                      "styles": {
                        "fontWeight": "bold",
                        "__tag_": {}
                      }
                    }
                  ]
                },
                "footer": {
                  "width": "100%",
                  "name": null,
                  "rowCount": 2,
                  "cellStyles": {},
                  "rows": [
                    {
                      "height": "25px"
                    },
                    {
                      "height": "25px"
                    }
                  ],
                  "cells": [
                    {
                      "r": 0,
                      "c": 0,
                      "colspan": 3,
                      "styles": {
                        "borderLeft": "1px solid black",
                        "borderRight": "1px solid black",
                        "borderTop": "1px solid black",
                        "borderBottom": "1px solid black"
                      }
                    },
                    {
                      "r": 0,
                      "c": 3,
                      "colspan": 13,
                      "styles": {
                        "borderLeft": "1px solid black",
                        "borderRight": "1px solid black",
                        "borderTop": "1px solid black",
                        "borderBottom": "1px solid black"
                      }
                    },
                    {
                      "r": 0,
                      "c": 16,
                      "colspan": 3,
                      "styles": {
                        "borderLeft": "1px solid black",
                        "borderRight": "1px solid black",
                        "borderTop": "1px solid black",
                        "borderBottom": "1px solid black"
                      }
                    },
                    {
                      "r": 0,
                      "c": 19,
                      "colspan": 5,
                      "styles": {
                        "cellAlign": "right",
                        "paddingRight": "5px",
                        "borderLeft": "1px solid black",
                        "borderRight": "1px solid black",
                        "borderTop": "1px solid black",
                        "borderBottom": "1px solid black"
                      }
                    },
                    {
                      "r": 1,
                      "c": 0,
                      "colspan": 3,
                      "styles": {
                        "borderLeft": "1px solid black",
                        "borderRight": "1px solid black",
                        "borderTop": "1px solid black",
                        "borderBottom": "1px solid black"
                      }
                    },
                    {
                      "r": 1,
                      "c": 3,
                      "colspan": 5,
                      "styles": {
                        "cellAlign": "left",
                        "paddingLeft": "3px",
                        "borderLeft": "1px solid black",
                        "borderRight": "1px solid black",
                        "borderTop": "1px solid black",
                        "borderBottom": "1px solid black"
                      }
                    },
                    {
                      "r": 1,
                      "c": 8,
                      "colspan": 3,
                      "styles": {
                        "borderLeft": "1px solid black",
                        "borderRight": "1px solid black",
                        "borderTop": "1px solid black",
                        "borderBottom": "1px solid black"
                      }
                    },
                    {
                      "r": 1,
                      "c": 11,
                      "colspan": 5,
                      "styles": {
                        "cellAlign": "right",
                        "paddingRight": "5px",
                        "borderLeft": "1px solid black",
                        "borderRight": "1px solid black",
                        "borderTop": "1px solid black",
                        "borderBottom": "1px solid black"
                      }
                    },
                    {
                      "r": 1,
                      "c": 16,
                      "colspan": 3,
                      "styles": {
                        "borderLeft": "1px solid black",
                        "borderRight": "1px solid black",
                        "borderTop": "1px solid black",
                        "borderBottom": "1px solid black"
                      }
                    },
                    {
                      "r": 1,
                      "c": 19,
                      "colspan": 5,
                      "styles": {
                        "cellAlign": "right",
                        "paddingRight": "3px",
                        "borderLeft": "1px solid black",
                        "borderRight": "1px solid black",
                        "borderTop": "1px solid black",
                        "borderBottom": "1px solid black"
                      }
                    }
                  ],
                  "items": [
                    {
                      "type": "text",
                      "name": "",
                      "col": 0,
                      "row": 0,
                      "text": "비고",
                      "styles": {
                        "fontWeight": "bold",
                        "__tag_": {}
                      }
                    },
                    {
                      "type": "text",
                      "name": "",
                      "col": 0,
                      "row": 1,
                      "text": "수량",
                      "styles": {
                        "fontWeight": "bold",
                        "__tag_": {}
                      }
                    },
                    {
                      "type": "text",
                      "name": "",
                      "col": 8,
                      "row": 1,
                      "text": "미수납",
                      "styles": {
                        "fontWeight": "bold",
                        "__tag_": {}
                      }
                    },
                    {
                      "type": "text",
                      "name": "",
                      "col": 16,
                      "row": 1,
                      "text": "총합계",
                      "styles": {
                        "fontWeight": "bold",
                        "__tag_": {}
                      }
                    },
                    {
                      "type": "text",
                      "name": "",
                      "col": 16,
                      "row": 0,
                      "text": "인수자",
                      "styles": {
                        "fontWeight": "bold",
                        "__tag_": {}
                      }
                    },
                    {
                      "type": "text",
                      "name": "",
                      "col": 19,
                      "row": 0,
                      "text": "(인)",
                      "styles": {
                        "fontSize": "11px",
                        "color": "#645a5a",
                        "__tag_": {}
                      }
                    },
                    {
                      "type": "summary",
                      "name": "",
                      "col": 19,
                      "row": 1,
                      "expression": "sum(amt)"
                    },
                    {
                      "type": "summary",
                      "name": "",
                      "col": 3,
                      "row": 1,
                      "expression": "sum(qty)"
                    }
                  ]
                },
                "dataRow": {
                  "width": "100%",
                  "name": null,
                  "rowCount": 1,
                  "minRowHeight": "22px",
                  "cellStyles": {},
                  "rows": [
                    {}
                  ],
                  "cells": [
                    {
                      "r": 0,
                      "c": 0,
                      "colspan": 4,
                      "styles": {
                        "cellAlign": "left",
                        "paddingLeft": "3px",
                        "paddingRight": "3px",
                        "paddingTop": "3px",
                        "paddingBottom": "3px",
                        "borderLeft": "1px solid black",
                        "borderRight": "1px solid black",
                        "borderTop": "1px solid black",
                        "borderBottom": "1px solid black"
                      }
                    },
                    {
                      "r": 0,
                      "c": 4,
                      "colspan": 3,
                      "styles": {
                        "paddingLeft": "3px",
                        "paddingRight": "3px",
                        "borderLeft": "1px solid black",
                        "borderRight": "1px solid black",
                        "borderTop": "1px solid black",
                        "borderBottom": "1px solid black"
                      }
                    },
                    {
                      "r": 0,
                      "c": 5,
                      "styles": {
                        "cellAlign": "left",
                        "paddingLeft": "5px",
                        "paddingRight": "5px",
                        "borderLeft": "1px solid black",
                        "borderRight": "1px solid black",
                        "borderTop": "1px solid black",
                        "borderBottom": "1px solid black"
                      }
                    },
                    {
                      "r": 0,
                      "c": 7,
                      "colspan": 3,
                      "styles": {
                        "paddingLeft": "3px",
                        "paddingRight": "3px",
                        "borderLeft": "1px solid black",
                        "borderRight": "1px solid black",
                        "borderTop": "1px solid black",
                        "borderBottom": "1px solid black"
                      }
                    },
                    {
                      "r": 0,
                      "c": 8,
                      "styles": {
                        "cellAlign": "left",
                        "paddingLeft": "5px",
                        "paddingRight": "5px",
                        "borderLeft": "1px solid black",
                        "borderRight": "1px solid black",
                        "borderTop": "1px solid black",
                        "borderBottom": "1px solid black"
                      }
                    },
                    {
                      "r": 0,
                      "c": 10,
                      "colspan": 3,
                      "styles": {
                        "paddingLeft": "3px",
                        "paddingRight": "3px",
                        "borderLeft": "1px solid black",
                        "borderRight": "1px solid black",
                        "borderTop": "1px solid black",
                        "borderBottom": "1px solid black"
                      }
                    },
                    {
                      "r": 0,
                      "c": 11,
                      "styles": {
                        "cellAlign": "right",
                        "paddingRight": "5px",
                        "borderLeft": "1px solid black",
                        "borderRight": "1px solid black",
                        "borderTop": "1px solid black",
                        "borderBottom": "1px solid black"
                      }
                    },
                    {
                      "r": 0,
                      "c": 13,
                      "colspan": 3,
                      "styles": {
                        "paddingLeft": "3px",
                        "paddingRight": "3px",
                        "borderLeft": "1px solid black",
                        "borderRight": "1px solid black",
                        "borderTop": "1px solid black",
                        "borderBottom": "1px solid black"
                      }
                    },
                    {
                      "r": 0,
                      "c": 14,
                      "styles": {
                        "cellAlign": "right",
                        "paddingRight": "5px",
                        "borderLeft": "1px solid black",
                        "borderRight": "1px solid black",
                        "borderTop": "1px solid black",
                        "borderBottom": "1px solid black"
                      }
                    },
                    {
                      "r": 0,
                      "c": 15,
                      "styles": {
                        "cellAlign": "right",
                        "paddingRight": "3px",
                        "borderLeft": "1px solid black",
                        "borderRight": "1px solid black",
                        "borderTop": "1px solid black",
                        "borderBottom": "1px solid black"
                      }
                    },
                    {
                      "r": 0,
                      "c": 16,
                      "colspan": 8,
                      "styles": {
                        "paddingLeft": "3px",
                        "paddingRight": "3px",
                        "borderLeft": "1px solid black",
                        "borderRight": "1px solid black",
                        "borderTop": "1px solid black",
                        "borderBottom": "1px solid black"
                      }
                    },
                    {
                      "r": 0,
                      "c": 17,
                      "styles": {
                        "cellAlign": "left",
                        "paddingLeft": "5px",
                        "paddingRight": "5px",
                        "borderLeft": "1px solid black",
                        "borderRight": "1px solid black",
                        "borderTop": "1px solid black",
                        "borderBottom": "1px solid black"
                      }
                    },
                    {
                      "r": 0,
                      "c": 19,
                      "styles": {
                        "borderLeft": "1px solid black",
                        "borderRight": "1px solid black",
                        "borderTop": "1px solid black",
                        "borderBottom": "1px solid black"
                      }
                    }
                  ],
                  "items": [
                    {
                      "type": "text",
                      "value": "prodNm",
                      "width": "100%",
                      "name": "",
                      "onGetValue": "",
                      "col": 0,
                      "row": 0,
                      "wrap": true,
                      "text": "",
                      "styles": {
                        "fontSize": "11px",
                        "textAlign": "left",
                        "__tag_": {}
                      }
                    },
                    {
                      "type": "text",
                      "value": "colorNm",
                      "width": "100%",
                      "name": "",
                      "onGetValue": "",
                      "col": 4,
                      "row": 0,
                      "wrap": true,
                      "text": "",
                      "styles": {
                        "fontSize": "11px",
                        "textAlign": "left",
                        "__tag_": {}
                      }
                    },
                    {
                      "type": "text",
                      "value": "qty",
                      "width": "100%",
                      "name": "",
                      "onGetValue": "",
                      "col": 7,
                      "row": 0,
                      "wrap": true,
                      "text": "",
                      "styles": {
                        "fontSize": "11px",
                        "textAlign": "center",
                        "__tag_": {}
                      }
                    },
                    {
                      "type": "text",
                      "value": "unitPrc",
                      "width": "100%",
                      "name": "",
                      "onGetValue": "",
                      "col": 10,
                      "row": 0,
                      "wrap": true,
                      "text": "",
                      "styles": {
                        "fontSize": "11px",
                        "textAlign": "right",
                        "__tag_": {}
                      }
                    },
                    {
                      "type": "text",
                      "value": "amt",
                      "width": "100%",
                      "name": "",
                      "onGetValue": "",
                      "col": 13,
                      "row": 0,
                      "wrap": true,
                      "text": "",
                      "styles": {
                        "fontSize": "11px",
                        "textAlign": "right",
                        "__tag_": {}
                      }
                    },
                    {
                      "type": "text",
                      "value": "serNum",
                      "width": "100%",
                      "name": "",
                      "onGetValue": "",
                      "col": 16,
                      "row": 0,
                      "wrap": true,
                      "text": "",
                      "styles": {
                        "fontSize": "11px",
                        "textAlign": "left",
                        "__tag_": {}
                      }
                    }
                  ]
                }
              }
            ]
          },
          "groups": [],
          "header": {
            "type": "stack",
            "width": "100%",
            "height": "150px",
            "name": null,
            "styles": {
              "paddingTop": "20px",
              "paddingBottom": "15px",
              "borderTop": "2px dashed #a1a1a9",
              "__tag_": {}
            },
            "items": [
              {
                "type": "text",
                "height": "45px",
                "name": "",
                "text": "거 래 명 세 서",
                "styles": {
                  "fontSize": "25px",
                  "fontWeight": "bold",
                  "borderBottom": "2px solid #e5a32a",
                  "__tag_": {}
                }
              },
              {
                "type": "text",
                "value": "mgmtNo",
                "width": 280,
                "name": "",
                "left": "5px",
                "top": "110px",
                "prefix": "전표번호 : ",
                "text": "",
                "styles": {
                  "fontWeight": "bold",
                  "textAlign": "left",
                  "__tag_": {}
                }
              },
              {
                "type": "text",
                "width": 196,
                "name": "",
                "right": "5px",
                "top": "40px",
                "text": "https://sales.sktelecom.com",
                "styles": {
                  "fontWeight": "normal",
                  "color": "#917979",
                  "textAlign": "right",
                  "__tag_": {}
                }
              }
            ]
          },
          "footer": {
            "type": "stack",
            "width": "100%",
            "name": null,
            "visible": false
          },
          "dataRow": {
            "type": "stack",
            "width": "100%",
            "height": "155px",
            "name": null,
            "items": [
              {
                "type": "table",
                "width": "100%",
                "height": "140px",
                "name": "",
                "rowCount": 1,
                "cellStyles": {},
                "rows": [
                  {}
                ],
                "cells": [
                  {
                    "r": 0,
                    "c": 0,
                    "styles": {
                      "borderLeft": "1px solid rgb(0, 0, 0)",
                      "borderRight": "1px solid black",
                      "borderTop": "1px solid rgb(0, 0, 0)",
                      "borderBottom": "1px solid black"
                    }
                  }
                ],
                "colCount": 1,
                "columns": [
                  {
                    "width": "15%"
                  }
                ],
                "items": [
                  {
                    "type": "table",
                    "width": "98%",
                    "name": "",
                    "col": 0,
                    "row": 0,
                    "rowCount": 4,
                    "minRowHeight": "24px",
                    "cellStyles": {},
                    "rows": [
                      {},
                      {},
                      {
                        "height": "50px"
                      },
                      {}
                    ],
                    "cells": [
                      {
                        "r": 0,
                        "c": 0,
                        "rowspan": 4,
                        "styles": {
                          "cellAlign": "center",
                          "borderLeft": "1px solid black",
                          "borderRight": "1px solid black",
                          "borderTop": "1px solid black",
                          "borderBottom": "1px solid black"
                        }
                      },
                      {
                        "r": 0,
                        "c": 1,
                        "colspan": 3,
                        "styles": {
                          "cellAlign": "left",
                          "paddingLeft": "5px",
                          "paddingRight": "5px",
                          "paddingTop": "",
                          "paddingBottom": "",
                          "borderLeft": "1px solid black",
                          "borderRight": "1px solid black",
                          "borderTop": "1px solid black",
                          "borderBottom": "1px solid black"
                        }
                      },
                      {
                        "r": 0,
                        "c": 4,
                        "rowspan": 4,
                        "styles": {
                          "borderLeft": "0px solid #00000b00",
                          "borderRight": "0px solid black",
                          "borderTop": "0px solid black",
                          "borderBottom": "0px solid black"
                        }
                      },
                      {
                        "r": 0,
                        "c": 5,
                        "rowspan": 4,
                        "styles": {
                          "cellAlign": "center",
                          "borderLeft": "1px solid black",
                          "borderRight": "1px solid black",
                          "borderTop": "1px solid black",
                          "borderBottom": "1px solid black"
                        }
                      },
                      {
                        "r": 0,
                        "c": 6,
                        "colspan": 3,
                        "styles": {
                          "cellAlign": "left",
                          "paddingLeft": "5px",
                          "paddingRight": "5px",
                          "borderLeft": "1px solid black",
                          "borderRight": "1px solid black",
                          "borderTop": "1px solid black",
                          "borderBottom": "1px solid black"
                        }
                      },
                      {
                        "r": 1,
                        "c": 1,
                        "colspan": 2,
                        "styles": {
                          "cellAlign": "left",
                          "paddingLeft": "5px",
                          "paddingRight": "5px",
                          "paddingTop": "",
                          "paddingBottom": "",
                          "borderLeft": "1px solid black",
                          "borderRight": "0px solid black",
                          "borderTop": "1px solid black",
                          "borderBottom": "1px solid black"
                        }
                      },
                      {
                        "r": 1,
                        "c": 3,
                        "styles": {
                          "cellAlign": "left",
                          "paddingLeft": "",
                          "paddingRight": "5px",
                          "borderLeft": "0px solid black",
                          "borderRight": "1px solid black",
                          "borderTop": "1px solid black",
                          "borderBottom": "1px solid black"
                        }
                      },
                      {
                        "r": 1,
                        "c": 6,
                        "colspan": 2,
                        "styles": {
                          "cellAlign": "left",
                          "paddingLeft": "5px",
                          "paddingRight": "5px",
                          "borderLeft": "1px solid black",
                          "borderRight": "0px solid black",
                          "borderTop": "1px solid black",
                          "borderBottom": "1px solid black"
                        }
                      },
                      {
                        "r": 1,
                        "c": 8,
                        "styles": {
                          "cellAlign": "left",
                          "paddingLeft": "",
                          "paddingRight": "5px",
                          "borderLeft": "0px solid black",
                          "borderRight": "1px solid black",
                          "borderTop": "1px solid black",
                          "borderBottom": "1px solid black"
                        }
                      },
                      {
                        "r": 2,
                        "c": 1,
                        "colspan": 3,
                        "styles": {
                          "cellAlign": "left",
                          "paddingLeft": "5px",
                          "paddingRight": "5px",
                          "paddingTop": "",
                          "borderLeft": "1px solid black",
                          "borderRight": "1px solid black",
                          "borderTop": "1px solid black",
                          "borderBottom": "1px solid black"
                        }
                      },
                      {
                        "r": 2,
                        "c": 6,
                        "colspan": 3,
                        "styles": {
                          "cellAlign": "left",
                          "paddingLeft": "5px",
                          "paddingRight": "5px",
                          "borderLeft": "1px solid black",
                          "borderRight": "1px solid black",
                          "borderTop": "1px solid black",
                          "borderBottom": "1px solid black"
                        }
                      },
                      {
                        "r": 3,
                        "c": 1,
                        "styles": {
                          "cellAlign": "left",
                          "paddingLeft": "5px",
                          "paddingRight": "5px",
                          "borderLeft": "1px solid black",
                          "borderRight": "0px solid black",
                          "borderTop": "1px solid black",
                          "borderBottom": "1px solid black"
                        }
                      },
                      {
                        "r": 3,
                        "c": 2,
                        "colspan": 2,
                        "styles": {
                          "paddingRight": "5px",
                          "borderLeft": "0px solid black",
                          "borderRight": "1px solid black",
                          "borderTop": "1px solid black",
                          "borderBottom": "1px solid black"
                        }
                      },
                      {
                        "r": 3,
                        "c": 3,
                        "styles": {
                          "cellAlign": "left",
                          "paddingLeft": "5px",
                          "paddingRight": "5px",
                          "borderLeft": "0px solid black",
                          "borderRight": "1px solid black",
                          "borderTop": "1px solid black",
                          "borderBottom": "1px solid black"
                        }
                      },
                      {
                        "r": 3,
                        "c": 6,
                        "styles": {
                          "cellAlign": "left",
                          "paddingLeft": "5px",
                          "paddingRight": "5px",
                          "borderLeft": "1px solid black",
                          "borderRight": "0px solid black",
                          "borderTop": "1px solid black",
                          "borderBottom": "1px solid black"
                        }
                      },
                      {
                        "r": 3,
                        "c": 7,
                        "colspan": 2,
                        "styles": {
                          "paddingRight": "5px",
                          "borderLeft": "0px solid black",
                          "borderRight": "1px solid black",
                          "borderTop": "1px solid black",
                          "borderBottom": "1px solid black"
                        }
                      },
                      {
                        "r": 3,
                        "c": 8,
                        "styles": {
                          "cellAlign": "left",
                          "paddingLeft": "5px",
                          "paddingRight": "5px",
                          "borderLeft": "0px solid black",
                          "borderRight": "1px solid black",
                          "borderTop": "1px solid black",
                          "borderBottom": "1px solid black"
                        }
                      }
                    ],
                    "colCount": 9,
                    "columns": [
                      {
                        "width": "3%"
                      },
                      {
                        "width": "22%"
                      },
                      {
                        "width": "8%"
                      },
                      {
                        "width": "14%"
                      },
                      {
                        "width": "1%"
                      },
                      {
                        "width": "3%"
                      },
                      {
                        "width": "22%"
                      },
                      {
                        "width": "8%"
                      },
                      {
                        "width": "14%"
                      }
                    ],
                    "items": [
                      {
                        "type": "text",
                        "height": "100px",
                        "name": "",
                        "col": 0,
                        "row": 0,
                        "wrap": true,
                        "text": "공 급 자",
                        "styles": {
                          "fontWeight": "bold",
                          "writingMode": "vertical-rl",
                          "paddingRight": "8px",
                          "__tag_": {}
                        }
                      },
                      {
                        "type": "text",
                        "value": "splyrBizNo",
                        "width": "100%",
                        "name": "",
                        "onGetValue": "var res = \"\";   if(value != null){     res = value   } \treturn '등록번호 : ' + res",
                        "col": 1,
                        "row": 0,
                        "text": "",
                        "styles": {
                          "fontWeight": "bold",
                          "textAlign": "left",
                          "__tag_": {}
                        }
                      },
                      {
                        "type": "text",
                        "value": "splyrDealCoNm",
                        "width": "100%",
                        "name": "",
                        "onGetValue": "var res = \"\";   if(value != null){     res = value   } \treturn '상호 : ' + res",
                        "col": 1,
                        "row": 1,
                        "text": "",
                        "styles": {
                          "fontWeight": "bold",
                          "textAlign": "left",
                          "__tag_": {}
                        }
                      },
                      {
                        "type": "text",
                        "value": "splyrAddr",
                        "width": "100%",
                        "height": "40px",
                        "name": "",
                        "onGetValue": "var res = \"\";   if(value != null){     res = value   } \treturn '사업장 : ' + res",
                        "col": 1,
                        "row": 2,
                        "wrap": true,
                        "text": "",
                        "styles": {
                          "fontWeight": "bold",
                          "textAlign": "left",
                          "verticalAlign": "top",
                          "__tag_": {}
                        }
                      },
                      {
                        "type": "text",
                        "height": 108,
                        "name": "",
                        "col": 5,
                        "row": 0,
                        "wrap": true,
                        "text": "공 급 받 는 자",
                        "styles": {
                          "fontWeight": "bold",
                          "writingMode": "vertical-rl",
                          "paddingRight": "8px",
                          "__tag_": {}
                        }
                      },
                      {
                        "type": "text",
                        "value": "splyedBizNo",
                        "width": "100%",
                        "name": "",
                        "onGetValue": "var res = \"\";   if(value != null){     res = value   } \treturn '등록번호 : ' + res",
                        "col": 6,
                        "row": 0,
                        "text": "",
                        "styles": {
                          "fontWeight": "bold",
                          "textAlign": "left",
                          "__tag_": {}
                        }
                      },
                      {
                        "type": "text",
                        "value": "splyedDealCoNm",
                        "width": "100%",
                        "name": "",
                        "onGetValue": "var res = \"\";   if(value != null){     res = value   } \treturn '상호 : ' + res",
                        "col": 6,
                        "row": 1,
                        "text": "",
                        "styles": {
                          "fontWeight": "bold",
                          "textAlign": "left",
                          "__tag_": {}
                        }
                      },
                      {
                        "type": "text",
                        "value": "splyedAddr",
                        "width": "100%",
                        "height": "40px",
                        "name": "",
                        "onGetValue": "var res = \"\";   if(value != null){     res = value   } \treturn '사업장 : ' + res",
                        "col": 6,
                        "row": 2,
                        "wrap": true,
                        "text": "",
                        "styles": {
                          "fontWeight": "bold",
                          "textAlign": "left",
                          "verticalAlign": "top",
                          "__tag_": {}
                        }
                      },
                      {
                        "type": "text",
                        "value": "splyedBizConNm",
                        "width": "100%",
                        "name": "",
                        "onGetValue": "var res = \"\";   if(value != null){     res = value   } \treturn '업태 : ' + res",
                        "col": 6,
                        "row": 3,
                        "text": "",
                        "styles": {
                          "fontWeight": "bold",
                          "textAlign": "left",
                          "__tag_": {}
                        }
                      },
                      {
                        "type": "text",
                        "value": "splyrNm",
                        "width": "100%",
                        "name": "",
                        "onGetValue": "var res = \"\";   if(value != null){     res = value   } \treturn '성명 : ' + res",
                        "col": 3,
                        "row": 1,
                        "text": "",
                        "styles": {
                          "fontWeight": "bold",
                          "textAlign": "right",
                          "__tag_": {}
                        }
                      },
                      {
                        "type": "text",
                        "value": "splyedNm",
                        "width": "100%",
                        "name": "",
                        "onGetValue": "var res = \"\";   if(value != null){     res = value   } \treturn '성명 : ' + res",
                        "col": 8,
                        "row": 1,
                        "text": "",
                        "styles": {
                          "fontWeight": "bold",
                          "textAlign": "right",
                          "__tag_": {}
                        }
                      },
                      {
                        "type": "text",
                        "value": "splyrBizConNm",
                        "width": "100%",
                        "name": "",
                        "onGetValue": "var res = \"\";   if(value != null){     res = value   } \treturn '업태 : ' + res",
                        "col": 1,
                        "row": 3,
                        "text": "",
                        "styles": {
                          "fontWeight": "bold",
                          "textAlign": "left",
                          "__tag_": {}
                        }
                      },
                      {
                        "type": "text",
                        "value": "splyrTypOfBizNm",
                        "width": "100%",
                        "name": "",
                        "onGetValue": "var res = \"\";   if(value != null){     res = value   } \treturn '종목 : ' + res",
                        "col": 2,
                        "row": 3,
                        "text": "",
                        "styles": {
                          "fontWeight": "bold",
                          "textAlign": "left",
                          "__tag_": {}
                        }
                      },
                      {
                        "type": "text",
                        "value": "splyedTypOfBizNm",
                        "width": "100%",
                        "name": "",
                        "onGetValue": "var res = \"\";   if(value != null){     res = value   } \treturn '종목 : ' + res",
                        "col": 7,
                        "row": 3,
                        "text": "",
                        "styles": {
                          "fontWeight": "bold",
                          "textAlign": "left",
                          "__tag_": {}
                        }
                      }
                    ]
                  }
                ]
              }
            ]
          }
        }
      ]
    }
  },
  "assets": {
    "/": []
  },
  "data": {
    "master": {
      "type": "band",
      "fields": [
        {
          "fieldName": "mgmtNo",
          "dataType": "text",
          "description": "출고관리번호",
          "sample": "",
          "format": "",
          "dateReader": null
        },
        {
          "fieldName": "curDt",
          "dataType": "text",
          "description": "현재월일",
          "sample": "",
          "format": "",
          "dateReader": null
        },
        {
          "fieldName": "splyrBizNo",
          "dataType": "text",
          "description": "공급자등록번호",
          "sample": "",
          "format": "",
          "dateReader": null
        },
        {
          "fieldName": "splyrDealCoNm",
          "dataType": "text",
          "description": "공급자상호",
          "sample": "",
          "format": "",
          "dateReader": null
        },
        {
          "fieldName": "splyrNm",
          "dataType": "text",
          "description": "공급자성명",
          "sample": "",
          "format": "",
          "dateReader": null
        },
        {
          "fieldName": "splyrAddr",
          "dataType": "text",
          "description": "공급자사업장",
          "sample": "",
          "format": "",
          "dateReader": null
        },
        {
          "fieldName": "splyrBizConNm",
          "dataType": "text",
          "description": "공급자업태",
          "sample": "",
          "format": "",
          "dateReader": null
        },
        {
          "fieldName": "splyrTypOfBizNm",
          "dataType": "text",
          "description": "공급자종목",
          "sample": "",
          "format": "",
          "dateReader": null
        },
        {
          "fieldName": "splyedBizNo",
          "dataType": "text",
          "description": "공급받는자등록번호",
          "sample": "",
          "format": "",
          "dateReader": null
        },
        {
          "fieldName": "splyedDealCoNm",
          "dataType": "text",
          "description": "공급받는자상호",
          "sample": "",
          "format": "",
          "dateReader": null
        },
        {
          "fieldName": "splyedNm",
          "dataType": "text",
          "description": "공급받는자성명",
          "sample": "",
          "format": "",
          "dateReader": null
        },
        {
          "fieldName": "splyedAddr",
          "dataType": "text",
          "description": "공급받는자사업장",
          "sample": "",
          "format": "",
          "dateReader": null
        },
        {
          "fieldName": "splyedBizConNm",
          "dataType": "text",
          "description": "공급받는자업태",
          "sample": "",
          "format": "",
          "dateReader": null
        },
        {
          "fieldName": "splyedTypOfBizNm",
          "dataType": "text",
          "description": "공급받는자종목",
          "sample": "",
          "format": "",
          "dateReader": null
        }
      ]
    },
    "detail": {
      "type": "band",
      "fields": [
        {
          "fieldName": "mgmtNo",
          "dataType": "text",
          "description": "관리번호",
          "sample": "",
          "format": "",
          "dateReader": null
        },
        {
          "fieldName": "prodCd",
          "dataType": "text",
          "format": "",
          "sample": "",
          "expression": "",
          "description": "상품코드",
          "dateReader": null
        },
        {
          "fieldName": "prodNm",
          "dataType": "text",
          "format": "",
          "sample": "",
          "expression": "",
          "description": "상품명",
          "dateReader": null
        },
        {
          "fieldName": "colorCd",
          "dataType": "text",
          "format": "",
          "sample": "",
          "expression": "",
          "description": "색상코드",
          "dateReader": null
        },
        {
          "fieldName": "colorNm",
          "dataType": "text",
          "format": "",
          "sample": "",
          "expression": "",
          "description": "색상명",
          "dateReader": null
        },
        {
          "fieldName": "serNum",
          "dataType": "text",
          "format": "",
          "sample": "",
          "expression": "",
          "description": "일련번호",
          "dateReader": null
        },
        {
          "fieldName": "qty",
          "dataType": "number",
          "format": "",
          "sample": "",
          "expression": "",
          "description": "수량",
          "dateReader": null
        },
        {
          "fieldName": "amt",
          "dataType": "number",
          "format": "",
          "sample": "",
          "expression": "",
          "description": "금액",
          "dateReader": null
        },
        {
          "fieldName": "unitPrc",
          "dataType": "number",
          "format": "",
          "sample": "",
          "expression": "",
          "description": "단가",
          "dateReader": null
        }
      ]
    }
  },
  "guid": "11f0fb87-87d3-4093-8069-f28d22cb7b28"
}